{"stat.chestOpened":11,"stat.useItem.minecraft.stone":256,"stat.useItem.minecraft.quartz_stairs":9,"stat.leaveGame":7,"stat.useItem.minecraft.log2":4814,"stat.useItem.minecraft.waterlily":10,"stat.useItem.minecraft.carpet":405,"stat.useItem.minecraft.diamond_sword":13,"stat.useItem.minecraft.potion":99,"stat.useItem.minecraft.glowstone":257,"stat.jump":5323,"stat.useItem.minecraft.sand":20,"stat.swimOneCm":4385,"stat.useItem.minecraft.planks":2540,"stat.climbOneCm":9822,"stat.useItem.minecraft.piston":12,"stat.crouchOneCm":63720,"stat.useItem.minecraft.obsidian":107,"stat.useItem.minecraft.dirt":876,"stat.useItem.minecraft.stone_button":6,"achievement.exploreAllBiomes":{"value":0,"progress":["Plains","Hell"]},"stat.useItem.minecraft.glass":2,"stat.useItem.minecraft.red_flower":6,"stat.useItem.minecraft.sapling":23,"stat.useItem.minecraft.sandstone_stairs":6,"stat.useItem.minecraft.egg":20,"stat.useItem.minecraft.leaves2":6769,"stat.useItem.minecraft.vine":1211,"stat.useItem.minecraft.stone_brick_stairs":887,"stat.dispenserInspected":1,"stat.useItem.minecraft.anvil":1,"stat.flyOneCm":9117279,"stat.useItem.minecraft.brown_mushroom":10,"stat.useItem.minecraft.birch_fence":52,"stat.useItem.minecraft.red_mushroom":6,"stat.damageDealt":1870,"stat.timeSinceDeath":822007,"stat.killEntity.Cow":1,"stat.useItem.minecraft.sign":29,"stat.useItem.minecraft.wooden_slab":953,"stat.killEntity.Pig":5,"stat.useItem.minecraft.iron_bars":3,"stat.walkOneCm":1645434,"stat.useItem.minecraft.torch":12,"stat.useItem.minecraft.chest":3,"stat.useItem.minecraft.dark_oak_stairs":1662,"stat.useItem.minecraft.double_plant":1,"stat.useItem.minecraft.redstone_block":12,"stat.useItem.minecraft.item_frame":1,"stat.useItem.minecraft.sea_lantern":3,"stat.useItem.minecraft.yellow_flower":2,"stat.useItem.minecraft.stained_hardened_clay":135,"stat.useItem.minecraft.leaves":17,"stat.sprintOneCm":653549,"stat.useItem.minecraft.diamond_block":8,"stat.useItem.minecraft.stone_slab":425,"achievement.openInventory":214,"stat.killEntity.Chicken":3,"stat.useItem.minecraft.flint_and_steel":1,"stat.useItem.minecraft.wooden_button":1,"stat.mobKills":22,"stat.useItem.minecraft.stonebrick":455,"stat.useItem.minecraft.dye":169,"stat.useItem.minecraft.monster_egg":155,"stat.useItem.minecraft.cobblestone_wall":52,"stat.drop":1,"stat.useItem.minecraft.writable_book":1,"stat.playOneMinute":822007,"stat.killEntity.Sheep":3,"stat.useItem.minecraft.birch_stairs":516,"stat.useItem.minecraft.wooden_axe":1,"stat.diveOneCm":7775,"stat.useItem.minecraft.sandstone":521}