{"stats":{"minecraft:crafted":{"minecraft:wooden_sword":1,"minecraft:leather_leggings":1,"minecraft:leather_boots":1,"minecraft:leather_helmet":1,"minecraft:leather_chestplate":1},"minecraft:dropped":{"minecraft:oak_slab":1,"minecraft:short_grass":1,"minecraft:netherite_helmet":1,"minecraft:oak_fence":1,"minecraft:cobblestone":1,"minecraft:glow_item_frame":1,"minecraft:leather_helmet":1,"minecraft:iron_block":1,"minecraft:dirt":1,"minecraft:wooden_axe":1,"minecraft:polished_blackstone_brick_slab":1,"minecraft:raw_iron_block":1,"minecraft:stripped_oak_wood":1,"minecraft:smooth_red_sandstone_slab":1,"minecraft:bucket":1,"minecraft:cauldron":3,"minecraft:light_gray_terracotta":2,"minecraft:obsidian":1,"minecraft:oak_planks":1,"minecraft:iron_boots":1,"minecraft:netherite_shovel":1,"minecraft:damaged_anvil":1,"minecraft:white_terracotta":2,"minecraft:red_terracotta":2,"minecraft:shulker_shell":2,"minecraft:leather_chestplate":1,"minecraft:gray_terracotta":2,"minecraft:brick_stairs":4,"minecraft:stone_brick_wall":1,"minecraft:leather_boots":1,"minecraft:leather_leggings":1,"minecraft:stone_brick_stairs":1,"minecraft:acacia_fence":1,"minecraft:polished_granite":1,"minecraft:terracotta":2},"minecraft:used":{"minecraft:oak_fence":84,"minecraft:oak_trapdoor":29,"minecraft:nether_brick_fence":37,"minecraft:polished_blackstone_brick_slab":4,"minecraft:cut_red_sandstone_slab":2,"minecraft:redstone":13,"minecraft:mycelium":5,"minecraft:chest":2,"minecraft:white_terracotta":31,"minecraft:ender_chest":11,"minecraft:stone":10,"minecraft:zombie_spawn_egg":2,"minecraft:red_nether_brick_stairs":16,"minecraft:mossy_stone_brick_slab":68,"minecraft:dirt":24,"minecraft:target":3,"minecraft:red_nether_brick_slab":4,"minecraft:deepslate_tile_slab":50,"minecraft:shulker_box":4,"minecraft:deepslate_brick_slab":63,"minecraft:raw_iron_block":4,"minecraft:obsidian":66,"minecraft:stone_brick_slab":96,"minecraft:dark_oak_planks":176,"minecraft:bookshelf":14,"minecraft:light_weighted_pressure_plate":3,"minecraft:iron_block":24,"minecraft:grass_block":20,"minecraft:brick_stairs":1910,"minecraft:dark_oak_slab":83,"minecraft:tropical_fish_spawn_egg":7,"minecraft:barrel":13,"minecraft:stone_brick_stairs":58,"minecraft:stone_bricks":513,"minecraft:netherite_boots":2,"minecraft:glowstone":15,"minecraft:repeater":3,"minecraft:bow":105,"minecraft:hay_block":22,"minecraft:furnace":9,"minecraft:deepslate_tile_stairs":1,"minecraft:acacia_fence":55,"minecraft:trapped_chest":2,"minecraft:stone_pressure_plate":2,"minecraft:observer":2,"minecraft:orange_terracotta":5,"minecraft:short_grass":1,"minecraft:chiseled_bookshelf":18,"minecraft:water_bucket":30,"minecraft:mossy_stone_bricks":9,"minecraft:damaged_anvil":7,"minecraft:oak_planks":27,"minecraft:red_nether_bricks":19,"minecraft:ender_pearl":8,"minecraft:mossy_stone_brick_stairs":27,"minecraft:sandstone":166,"minecraft:composter":4,"minecraft:redstone_block":3,"minecraft:cauldron":20,"minecraft:glow_item_frame":16,"minecraft:diamond_block":77,"minecraft:terracotta":17,"minecraft:oak_slab":334,"minecraft:crafting_table":4,"minecraft:red_bed":1,"minecraft:blast_furnace":2,"minecraft:light_gray_terracotta":44,"minecraft:sponge":6,"minecraft:painting":80,"minecraft:shulker_spawn_egg":1,"minecraft:stone_brick_wall":44,"minecraft:smoker":14,"minecraft:book":70,"minecraft:birch_fence":38,"minecraft:deepslate_tile_wall":38,"minecraft:deepslate_tiles":20,"minecraft:oak_log":21,"minecraft:gray_terracotta":55,"minecraft:piston":1,"minecraft:netherite_block":13,"minecraft:black_concrete":46,"minecraft:crying_obsidian":44,"minecraft:dark_oak_log":2,"minecraft:command_block":1,"minecraft:birch_slab":114,"minecraft:barrier":183,"minecraft:stone_button":2,"minecraft:red_terracotta":36,"minecraft:polished_granite":8,"minecraft:cherry_sign":18,"minecraft:iron_door":3,"minecraft:green_carpet":1,"minecraft:chiseled_stone_bricks":73,"minecraft:diamond_sword":5,"minecraft:smooth_red_sandstone_slab":4,"minecraft:cobblestone":86,"minecraft:bucket":3,"minecraft:chain":11,"minecraft:smooth_stone_slab":5,"minecraft:stripped_oak_log":19,"minecraft:tropical_fish_bucket":5,"minecraft:oak_hanging_sign":11,"minecraft:smooth_stone":2,"minecraft:splash_potion":13,"minecraft:birch_stairs":9},"minecraft:custom":{"minecraft:mob_kills":3,"minecraft:interact_with_crafting_table":7,"minecraft:open_barrel":5,"minecraft:fill_cauldron":15,"minecraft:open_shulker_box":11,"minecraft:leave_game":48,"minecraft:time_since_death":1362811,"minecraft:climb_one_cm":654,"minecraft:sprint_one_cm":87422,"minecraft:walk_one_cm":1075303,"minecraft:drop":46,"minecraft:target_hit":13,"minecraft:play_time":1454218,"minecraft:deaths":4,"minecraft:sneak_time":10638,"minecraft:walk_under_water_one_cm":2051,"minecraft:jump":1339,"minecraft:walk_on_water_one_cm":4133,"minecraft:total_world_time":1454218,"minecraft:sleep_in_bed":2,"minecraft:time_since_rest":742950,"minecraft:open_enderchest":4,"minecraft:damage_taken":1300,"minecraft:damage_dealt":700,"minecraft:fly_one_cm":1452673,"minecraft:open_chest":1,"minecraft:crouch_one_cm":18263,"minecraft:fall_one_cm":3742,"minecraft:use_cauldron":3},"minecraft:picked_up":{"minecraft:shulker_shell":2,"minecraft:stone_brick_stairs":1,"minecraft:written_book":1,"minecraft:cauldron":2,"minecraft:arrow":4,"minecraft:white_terracotta":1,"minecraft:obsidian":1,"minecraft:lime_stained_glass":26,"minecraft:dirt":5,"minecraft:gray_terracotta":1,"minecraft:green_carpet":1,"minecraft:shulker_box":2,"minecraft:light_gray_terracotta":1,"minecraft:painting":4,"minecraft:terracotta":1,"minecraft:wooden_axe":1},"minecraft:killed":{"minecraft:shulker":1,"minecraft:zombie":1,"minecraft:stray":1},"minecraft:mined":{"minecraft:grass_block":5}},"DataVersion":3700}